metric,estimate,ci_lower,ci_upper,n_bootstrap
auroc,0.7028949602800749,0.6730039836256242,0.7310802555528293,2000
auprc,0.6479548907336902,0.605461145858351,0.6883692706529201,2000
balanced_accuracy,0.6493597124812449,0.6222282180943829,0.6762905911614617,2000
brier,0.24999234182547456,0.23225416363976567,0.26791631756341294,2000
ece,0.15434030497500661,0.13830536284879222,0.1864041431677853,2000
