metric,estimate,ci_lower,ci_upper,n_bootstrap
auroc,0.7028949602800749,0.680828006020409,0.7293251821021858,50
auprc,0.6479548907336902,0.6054291328326301,0.6811812175840989,50
balanced_accuracy,0.6493597124812449,0.6269451756749397,0.668686064957765,50
brier,0.24999234182547456,0.23415181400701487,0.26235547065654413,50
ece,0.15434030497500661,0.14400419262418304,0.17964872559022363,50
