permutation_index,null_auroc
1,0.5463251799899974
2,0.5303115949614431
